"name","rank","year","url","id"
"JIMMIE V. ADAMS","GENERAL",1993,"http://www.af.mil/AboutUs/Biographies/Display/tabid/225/Article/107883/general-jimmie-v-adams.aspx","107883"
"DONALD O. ALDRIDGE","LIEUTENANT GENERAL",1991,"http://www.af.mil/AboutUs/Biographies/Display/tabid/225/Article/107864/lieutenant-general-donald-o-aldridge.aspx","107864"
"ROBERT M. ALEXANDER","LIEUTENANT GENERAL",1994,"http://www.af.mil/AboutUs/Biographies/Display/tabid/225/Article/107867/lieutenant-general-robert-m-alexander.aspx","107867"
"ROBERT R. ALLARDICE","LIEUTENANT GENERAL",2013,"http://www.af.mil/AboutUs/Biographies/Display/tabid/225/Article/104639/lieutenant-general-robert-r-allardice.aspx","104639"
"(DR.) EDGAR R. ANDERSON JR.","LIEUTENANT GENERAL",1997,"http://www.af.mil/AboutUs/Biographies/Display/tabid/225/Article/107836/lieutenant-general-dr-edgar-r-anderson-jr.aspx","107836"
"MARCUS A. ANDERSON","LIEUTENANT GENERAL",1996,"http://www.af.mil/AboutUs/Biographies/Display/tabid/225/Article/107842/lieutenant-general-marcus-a-anderson.aspx","107842"
"SALVATORE A. ""SAM"" ANGELELLA","LIEUTENANT GENERAL",2015,"http://www.af.mil/AboutUs/Biographies/Display/tabid/225/Article/107932/lieutenant-general-salvatore-a-sam-angelella.aspx","107932"
"MALCOLM  B. ARMSTRONG","LIEUTENANT GENERAL",1995,"http://www.af.mil/AboutUs/Biographies/Display/tabid/225/Article/107784/lieutenant-general-malcolm-b-armstrong.aspx","107784"
"BRIAN  A. ARNOLD","LIEUTENANT GENERAL",2005,"http://www.af.mil/AboutUs/Biographies/Display/tabid/225/Article/104857/lieutenant-general-brian-a-arnold.aspx","104857"
"JOSEPH  W. ASHY","GENERAL",1996,"http://www.af.mil/AboutUs/Biographies/Display/tabid/225/Article/107818/general-joseph-w-ashy.aspx","107818"
"DANA T. ATKINS","LIEUTENANT GENERAL",2012,"http://www.af.mil/AboutUs/Biographies/Display/tabid/225/Article/104933/lieutenant-general-dana-t-atkins.aspx","104933"
"GEORGE  T. BABBITT","GENERAL",2000,"http://www.af.mil/AboutUs/Biographies/Display/tabid/225/Article/107800/general-george-t-babbitt.aspx","107800"
"MAXWELL  C. BAILEY","LIEUTENANT GENERAL",2002,"http://www.af.mil/AboutUs/Biographies/Display/tabid/225/Article/107810/lieutenant-general-maxwell-c-bailey.aspx","107810"
"JOHN  R. BAKER","LIEUTENANT GENERAL",2005,"http://www.af.mil/AboutUs/Biographies/Display/tabid/225/Article/104858/lieutenant-general-john-r-baker.aspx","104858"
"THOMAS A. BAKER","LIEUTENANT GENERAL",1993,"http://www.af.mil/AboutUs/Biographies/Display/tabid/225/Article/107793/lieutenant-general-thomas-a-baker.aspx","107793"
"JOHN D. BANSEMER","LIEUTENANT GENERAL",NA,"http://www.af.mil/AboutUs/Biographies/Display/tabid/225/Article/108826/lieutenant-general-john-d-bansemer.aspx","108826"
"THOMAS L. BAPTISTE","LIEUTENANT GENERAL",2007,"http://www.af.mil/AboutUs/Biographies/Display/tabid/225/Article/107764/lieutenant-general-thomas-l-baptiste.aspx","107764"
"EDWARD  P. BARRY JR.","LIEUTENANT GENERAL",1995,"http://www.af.mil/AboutUs/Biographies/Display/tabid/225/Article/107779/lieutenant-general-edward-p-barry-jr.aspx","107779"
"BROOKS L. BASH","LIEUTENANT GENERAL",2015,"http://www.af.mil/AboutUs/Biographies/Display/tabid/225/Article/104638/lieutenant-general-brooks-l-bash.aspx","104638"
"MICHAEL J. BASLA","LIEUTENANT GENERAL",2014,"http://www.af.mil/AboutUs/Biographies/Display/tabid/225/Article/104624/lieutenant-general-michael-j-basla.aspx","104624"
"ROBERT D. BECKEL","LIEUTENANT GENERAL",1992,"http://www.af.mil/AboutUs/Biographies/Display/tabid/225/Article/107761/lieutenant-general-robert-d-beckel.aspx","107761"
"WILLIAM  J. BEGERT","GENERAL",2004,"http://www.af.mil/AboutUs/Biographies/Display/tabid/225/Article/107710/general-william-j-begert.aspx","107710"
"WILLIAM J. ""BILL"" BENDER","LIEUTENANT GENERAL",NA,"http://www.af.mil/AboutUs/Biographies/Display/tabid/225/Article/108359/lieutenant-general-william-j-bill-bender.aspx","108359"
"RICHARD  C. BETHUREM","LIEUTENANT GENERAL",1998,"http://www.af.mil/AboutUs/Biographies/Display/tabid/225/Article/107730/lieutenant-general-richard-c-bethurem.aspx","107730"
"GREGORY A. BISCONE","LIEUTENANT GENERAL",2016,"http://www.af.mil/AboutUs/Biographies/Display/tabid/225/Article/107990/lieutenant-general-gregory-a-biscone.aspx","107990"
"ROBERT D. ""ROD"" BISHOP JR.","LIEUTENANT GENERAL",2008,"http://www.af.mil/AboutUs/Biographies/Display/tabid/225/Article/104829/lieutenant-general-robert-d-rod-bishop-jr.aspx","104829"
"LAWRENCE  E. BOESE","LIEUTENANT GENERAL",1996,"http://www.af.mil/AboutUs/Biographies/Display/tabid/225/Article/107677/lieutenant-general-lawrence-e-boese.aspx","107677"
"CHRISTOPHER C. BOGDAN","LIEUTENANT GENERAL",NA,"http://www.af.mil/AboutUs/Biographies/Display/tabid/225/Article/108398/lieutenant-general-christopher-c-bogdan.aspx","108398"
"BILLY  J. BOLES","GENERAL",1997,"http://www.af.mil/AboutUs/Biographies/Display/tabid/225/Article/107682/general-billy-j-boles.aspx","107682"
"TED F. BOWLDS","LIEUTENANT GENERAL",2011,"http://www.af.mil/AboutUs/Biographies/Display/tabid/225/Article/104809/lieutenant-general-ted-f-bowlds.aspx","104809"
"CHARLES  G. BOYD","GENERAL",1995,"http://www.af.mil/AboutUs/Biographies/Display/tabid/225/Article/107643/general-charles-g-boyd.aspx","107643"
"JOHN A. BRADLEY","LIEUTENANT GENERAL",2008,"http://www.af.mil/AboutUs/Biographies/Display/tabid/225/Article/104723/lieutenant-general-john-a-bradley.aspx","104723"
"ROGER A. BRADY","GENERAL",2011,"http://www.af.mil/AboutUs/Biographies/Display/tabid/225/Article/104940/general-roger-a-brady.aspx","104940"
"PHILIP M. BREEDLOVE","GENERAL",2016,"http://www.af.mil/AboutUs/Biographies/Display/tabid/225/Article/104769/general-philip-m-breedlove.aspx","104769"
"RICHARD E. ""TEX"" BROWN III","LIEUTENANT GENERAL",2004,"http://www.af.mil/AboutUs/Biographies/Display/tabid/225/Article/107596/lieutenant-general-richard-e-tex-brown-iii.aspx","107596"
"CHARLES Q. BROWN JR.","LIEUTENANT GENERAL",NA,"http://www.af.mil/AboutUs/Biographies/Display/tabid/225/Article/108485/lieutenant-general-charles-q-brown-jr.aspx","108485"
"WALTER E. BUCHANAN III","LIEUTENANT GENERAL",2006,"http://www.af.mil/AboutUs/Biographies/Display/tabid/225/Article/107609/lieutenant-general-walter-e-buchanan-iii.aspx","107609"
"DAVID J. BUCK","LIEUTENANT GENERAL",NA,"http://www.af.mil/AboutUs/Biographies/Display/tabid/225/Article/108707/lieutenant-general-david-j-buck.aspx","108707"
"ARNOLD W. BUNCH JR.","LIEUTENANT GENERAL",NA,"http://www.af.mil/AboutUs/Biographies/Display/tabid/225/Article/108560/lieutenant-general-arnold-w-bunch-jr.aspx","108560"
"CHRISTOPHER F. BURNE","LIEUTENANT GENERAL",NA,"http://www.af.mil/AboutUs/Biographies/Display/tabid/225/Article/108386/lieutenant-general-christopher-f-burne.aspx","108386"
"ANTHONY J. BURSHNICK","LIEUTENANT GENERAL",1991,"http://www.af.mil/AboutUs/Biographies/Display/tabid/225/Article/107542/lieutenant-general-anthony-j-burshnick.aspx","107542"
"ANDREW E. BUSCH","LIEUTENANT GENERAL",NA,"http://www.af.mil/AboutUs/Biographies/Display/tabid/225/Article/107956/lieutenant-general-andrew-e-busch.aspx","107956"
"GEORGE LEE BUTLER","GENERAL",1994,"http://www.af.mil/AboutUs/Biographies/Display/tabid/225/Article/107546/general-george-lee-butler.aspx","107546"
"JAMES T. CALLAGHAN","LIEUTENANT GENERAL",1993,"http://www.af.mil/AboutUs/Biographies/Display/tabid/225/Article/107432/lieutenant-general-james-t-callaghan.aspx","107432"
"FRANK B. CAMPBELL","LIEUTENANT GENERAL",2000,"http://www.af.mil/AboutUs/Biographies/Display/tabid/225/Article/107481/lieutenant-general-frank-b-campbell.aspx","107481"
"JOHN  H. CAMPBELL","LIEUTENANT GENERAL",2003,"http://www.af.mil/AboutUs/Biographies/Display/tabid/225/Article/107483/lieutenant-general-john-h-campbell.aspx","107483"
"HERBERT J. ""HAWK"" CARLISLE","GENERAL",NA,"http://www.af.mil/AboutUs/Biographies/Display/tabid/225/Article/104764/general-herbert-j-hawk-carlisle.aspx","104764"
"BRUCE CARLSON","GENERAL",2009,"http://www.af.mil/AboutUs/Biographies/Display/tabid/225/Article/104718/general-bruce-carlson.aspx","104718"
"(DR.) PAUL K. CARLTON JR.","LIEUTENANT GENERAL",2002,"http://www.af.mil/AboutUs/Biographies/Display/tabid/225/Article/107461/lieutenant-general-dr-paul-k-carlton-jr.aspx","107461"
"MICHAEL P.C. CARNS","GENERAL",1994,"http://www.af.mil/AboutUs/Biographies/Display/tabid/225/Article/107464/general-michael-pc-carns.aspx","107464"
"PATRICK  P. CARUANA","LIEUTENANT GENERAL",1997,"http://www.af.mil/AboutUs/Biographies/Display/tabid/225/Article/107438/lieutenant-general-patrick-p-caruana.aspx","107438"
"THOMAS  R. CASE","LIEUTENANT GENERAL",2002,"http://www.af.mil/AboutUs/Biographies/Display/tabid/225/Article/107442/lieutenant-general-thomas-r-case.aspx","107442"
"JAMES S. CASSITY JR.","LIEUTENANT GENERAL",1991,"http://www.af.mil/AboutUs/Biographies/Display/tabid/225/Article/107513/lieutenant-general-james-s-cassity-jr.aspx","107513"
"JOHN T. CHAIN JR.","GENERAL",1991,"http://www.af.mil/AboutUs/Biographies/Display/tabid/225/Article/107519/general-john-t-chain-jr.aspx","107519"
"JAMES  E. CHAMBERS","LIEUTENANT GENERAL",1994,"http://www.af.mil/AboutUs/Biographies/Display/tabid/225/Article/104922/lieutenant-general-james-e-chambers.aspx","104922"
"CARROL H. ""HOWIE"" CHANDLER","GENERAL",2011,"http://www.af.mil/AboutUs/Biographies/Display/tabid/225/Article/107445/general-carrol-h-howie-chandler.aspx","107445"
"KEVIN P. CHILTON","GENERAL",2011,"http://www.af.mil/AboutUs/Biographies/Display/tabid/225/Article/104791/general-kevin-p-chilton.aspx","104791"
"KURT A. CICHOWSKI","LIEUTENANT GENERAL",2014,"http://www.af.mil/AboutUs/Biographies/Display/tabid/225/Article/104677/lieutenant-general-kurt-a-cichowski.aspx","104677"
"JAMES R. CLAPPER JR.","LIEUTENANT GENERAL",1995,"http://www.af.mil/AboutUs/Biographies/Display/tabid/225/Article/107384/lieutenant-general-james-r-clapper-jr.aspx","107384"
"STANLEY E. CLARKE III","LIEUTENANT GENERAL",2016,"http://www.af.mil/AboutUs/Biographies/Display/tabid/225/Article/108030/lieutenant-general-stanley-e-clarke-iii.aspx","108030"
"DONALD  G. COOK","GENERAL",2005,"http://www.af.mil/AboutUs/Biographies/Display/tabid/225/Article/104813/general-donald-g-cook.aspx","104813"
"CHARLES  H. COOLIDGE JR.","LIEUTENANT GENERAL",2004,"http://www.af.mil/AboutUs/Biographies/Display/tabid/225/Article/107376/lieutenant-general-charles-h-coolidge-jr.aspx","107376"
"JOHN B. COOPER","LIEUTENANT GENERAL",NA,"http://www.af.mil/AboutUs/Biographies/Display/tabid/225/Article/108380/lieutenant-general-john-b-cooper.aspx","108380"
"JOHN D.W. CORLEY","GENERAL",2009,"http://www.af.mil/AboutUs/Biographies/Display/tabid/225/Article/104647/general-john-dw-corley.aspx","104647"
"SAMUEL D. COX","LIEUTENANT GENERAL",NA,"http://www.af.mil/AboutUs/Biographies/Display/tabid/225/Article/108383/lieutenant-general-samuel-d-cox.aspx","108383"
"STEWART E. CRANSTON","LIEUTENANT GENERAL",2000,"http://www.af.mil/AboutUs/Biographies/Display/tabid/225/Article/107362/lieutenant-general-stewart-e-cranston.aspx","107362"
"STEPHEN B. CROKER","LIEUTENANT GENERAL",1996,"http://www.af.mil/AboutUs/Biographies/Display/tabid/225/Article/107320/lieutenant-general-stephen-b-croker.aspx","107320"
"DONALD  L. CROMER","LIEUTENANT GENERAL",1991,"http://www.af.mil/AboutUs/Biographies/Display/tabid/225/Article/107321/lieutenant-general-donald-l-cromer.aspx","107321"
"CHARLES E. ""CHARLIE"" CROOM JR.","LIEUTENANT GENERAL",2008,"http://www.af.mil/AboutUs/Biographies/Display/tabid/225/Article/104759/lieutenant-general-charles-e-charlie-croom-jr.aspx","104759"
"JOHN R. DALLAGER","LIEUTENANT GENERAL",2003,"http://www.af.mil/AboutUs/Biographies/Display/tabid/225/Article/107277/lieutenant-general-john-r-dallager.aspx","107277"
"DANIEL J. DARNELL","LIEUTENANT GENERAL",2012,"http://www.af.mil/AboutUs/Biographies/Display/tabid/225/Article/104680/lieutenant-general-daniel-j-darnell.aspx","104680"
"JAMES B. DAVIS","GENERAL",1993,"http://www.af.mil/AboutUs/Biographies/Display/tabid/225/Article/107301/general-james-b-davis.aspx","107301"
"RUSSELL C. DAVIS","LIEUTENANT GENERAL",2002,"http://www.af.mil/AboutUs/Biographies/Display/tabid/225/Article/107304/lieutenant-general-russell-c-davis.aspx","107304"
"CHARLES R. DAVIS","LIEUTENANT GENERAL",2014,"http://www.af.mil/AboutUs/Biographies/Display/tabid/225/Article/104635/lieutenant-general-charles-r-davis.aspx","104635"
"ROGER  G. DEKOK","LIEUTENANT GENERAL",2002,"http://www.af.mil/AboutUs/Biographies/Display/tabid/225/Article/107256/lieutenant-general-roger-g-dekok.aspx","107256"
"DAVID A. DEPTULA","LIEUTENANT GENERAL",2010,"http://www.af.mil/AboutUs/Biographies/Display/tabid/225/Article/104634/lieutenant-general-david-a-deptula.aspx","104634"
"ROBERT  R. DIERKER","LIEUTENANT GENERAL",2004,"http://www.af.mil/AboutUs/Biographies/Display/tabid/225/Article/105084/lieutenant-general-robert-r-dierker.aspx","105084"
"JOHN L. DOLAN","LIEUTENANT GENERAL",NA,"http://www.af.mil/AboutUs/Biographies/Display/tabid/225/Article/108782/lieutenant-general-john-l-dolan.aspx","108782"
"WILLIAM  J. DONAHUE","LIEUTENANT GENERAL",2000,"http://www.af.mil/AboutUs/Biographies/Display/tabid/225/Article/107218/lieutenant-general-william-j-donahue.aspx","107218"
"MICHAEL D. DUBIE","LIEUTENANT GENERAL",NA,"http://www.af.mil/AboutUs/Biographies/Display/tabid/225/Article/108822/lieutenant-general-michael-d-dubie.aspx","108822"
"MICHAEL J. DUGAN","GENERAL",1991,"http://www.af.mil/AboutUs/Biographies/Display/tabid/225/Article/107193/general-michael-j-dugan.aspx","107193"
"BRETT  M. DULA","LIEUTENANT GENERAL",1998,"http://www.af.mil/AboutUs/Biographies/Display/tabid/225/Article/107189/lieutenant-general-brett-m-dula.aspx","107189"
"MICHAEL M. DUNN","LIEUTENANT GENERAL",2006,"http://www.af.mil/AboutUs/Biographies/Display/tabid/225/Article/105065/lieutenant-general-michael-m-dunn.aspx","105065"
"RALPH E.  ""ED"" EBERHART","GENERAL",2005,"http://www.af.mil/AboutUs/Biographies/Display/tabid/225/Article/105056/general-ralph-e-ed-eberhart.aspx","105056"
"MARK A. EDIGER","LIEUTENANT GENERAL",NA,"http://www.af.mil/AboutUs/Biographies/Display/tabid/225/Article/108319/lieutenant-general-mark-a-ediger.aspx","108319"
"ALBERT  J. EDMONDS","LIEUTENANT GENERAL",1997,"http://www.af.mil/AboutUs/Biographies/Display/tabid/225/Article/107142/lieutenant-general-albert-j-edmonds.aspx","107142"
"KENNETH  E. EICKMANN","LIEUTENANT GENERAL",1998,"http://www.af.mil/AboutUs/Biographies/Display/tabid/225/Article/107153/lieutenant-general-kenneth-e-eickmann.aspx","107153"
"ROBERT J. ""BOB"" ELDER JR.","LIEUTENANT GENERAL",2009,"http://www.af.mil/AboutUs/Biographies/Display/tabid/225/Article/104897/lieutenant-general-robert-j-bob-elder-jr.aspx","104897"
"MARVIN  R.  ""MARV"" ESMOND","LIEUTENANT GENERAL",2000,"http://www.af.mil/AboutUs/Biographies/Display/tabid/225/Article/105024/lieutenant-general-marvin-r-marv-esmond.aspx","105024"
"HOWELL M. ESTES III","GENERAL",1998,"http://www.af.mil/AboutUs/Biographies/Display/tabid/225/Article/107122/general-howell-m-estes-iii.aspx","107122"
"WILLIAM H. ETTER","LIEUTENANT GENERAL",2016,"http://www.af.mil/AboutUs/Biographies/Display/tabid/225/Article/108634/lieutenant-general-william-h-etter.aspx","108634"
"CARLTON D. EVERHART II","GENERAL",NA,"http://www.af.mil/AboutUs/Biographies/Display/tabid/225/Article/108400/general-carlton-d-everhart-ii.aspx","108400"
"DAVID S. FADOK","LIEUTENANT GENERAL",2015,"http://www.af.mil/AboutUs/Biographies/Display/tabid/225/Article/108002/lieutenant-general-david-s-fadok.aspx","108002"
"JAMES A. FAIN JR.","LIEUTENANT GENERAL",1995,"http://www.af.mil/AboutUs/Biographies/Display/tabid/225/Article/107110/lieutenant-general-james-a-fain-jr.aspx","107110"
"JOHN  S. FAIRFIELD","LIEUTENANT GENERAL",1997,"http://www.af.mil/AboutUs/Biographies/Display/tabid/225/Article/107113/lieutenant-general-john-s-fairfield.aspx","107113"
"LAWRENCE  P. FARRELL JR.","LIEUTENANT GENERAL",1998,"http://www.af.mil/AboutUs/Biographies/Display/tabid/225/Article/107101/lieutenant-general-lawrence-p-farrell-jr.aspx","107101"
"JUDITH A. FEDDER","LIEUTENANT GENERAL",2015,"http://www.af.mil/AboutUs/Biographies/Display/tabid/225/Article/107947/lieutenant-general-judith-a-fedder.aspx","107947"
"THOMAS R. FERGUSON JR.","LIEUTENANT GENERAL",1993,"http://www.af.mil/AboutUs/Biographies/Display/tabid/225/Article/107072/lieutenant-general-thomas-r-ferguson-jr.aspx","107072"
"ERIC E. FIEL","LIEUTENANT GENERAL",2014,"http://www.af.mil/AboutUs/Biographies/Display/tabid/225/Article/107995/lieutenant-general-eric-e-fiel.aspx","107995"
"BURTON M. FIELD","LIEUTENANT GENERAL",2015,"http://www.af.mil/AboutUs/Biographies/Display/tabid/225/Article/104907/lieutenant-general-burton-m-field.aspx","104907"
"VERN M. ""RUSTY"" FINDLEY II","LIEUTENANT GENERAL",2011,"http://www.af.mil/AboutUs/Biographies/Display/tabid/225/Article/104820/lieutenant-general-vern-m-rusty-findley-ii.aspx","104820"
"EUGENE H. FISCHER","LIEUTENANT GENERAL",1993,"http://www.af.mil/AboutUs/Biographies/Display/tabid/225/Article/107061/lieutenant-general-eugene-h-fischer.aspx","107061"
"BRUCE L. FISTER","LIEUTENANT GENERAL",1996,"http://www.af.mil/AboutUs/Biographies/Display/tabid/225/Article/107065/lieutenant-general-bruce-l-fister.aspx","107065"
"RONALD  R. FOGLEMAN","GENERAL",1997,"http://www.af.mil/AboutUs/Biographies/Display/tabid/225/Article/104988/general-ronald-r-fogleman.aspx","104988"
"ROBERT H. ""DOC"" FOGLESONG","GENERAL",2006,"http://www.af.mil/AboutUs/Biographies/Display/tabid/225/Article/104642/general-robert-h-doc-foglesong.aspx","104642"
"PHILLIP  J. FORD","LIEUTENANT GENERAL",2000,"http://www.af.mil/AboutUs/Biographies/Display/tabid/225/Article/107083/lieutenant-general-phillip-j-ford.aspx","107083"
"GORDON E. FORNELL","LIEUTENANT GENERAL",1993,"http://www.af.mil/AboutUs/Biographies/Display/tabid/225/Article/107087/lieutenant-general-gordon-e-fornell.aspx","107087"
"CRAIG A. FRANKLIN","LIEUTENANT GENERAL",2014,"http://www.af.mil/AboutUs/Biographies/Display/tabid/225/Article/108770/lieutenant-general-craig-a-franklin.aspx","108770"
"CARL  E. FRANKLIN","LIEUTENANT GENERAL",1998,"http://www.af.mil/AboutUs/Biographies/Display/tabid/225/Article/107028/lieutenant-general-carl-e-franklin.aspx","107028"
"CHARLES E. FRANKLIN","LIEUTENANT GENERAL",1996,"http://www.af.mil/AboutUs/Biographies/Display/tabid/225/Article/107029/lieutenant-general-charles-e-franklin.aspx","107029"
"DOUGLAS M. FRASER","GENERAL",2013,"http://www.af.mil/AboutUs/Biographies/Display/tabid/225/Article/107031/general-douglas-m-fraser.aspx","107031"
"WILLIAM M. FRASER III","GENERAL",2014,"http://www.af.mil/AboutUs/Biographies/Display/tabid/225/Article/104865/general-william-m-fraser-iii.aspx","104865"
"TERRY L. GABRESKI","LIEUTENANT GENERAL",2010,"http://www.af.mil/AboutUs/Biographies/Display/tabid/225/Article/104787/lieutenant-general-terry-l-gabreski.aspx","104787"
"PATRICK  K. GAMBLE","GENERAL",2001,"http://www.af.mil/AboutUs/Biographies/Display/tabid/225/Article/107052/general-patrick-k-gamble.aspx","107052"
"BUSTER C. GLOSSON","LIEUTENANT GENERAL",1994,"http://www.af.mil/AboutUs/Biographies/Display/tabid/225/Article/106980/lieutenant-general-buster-c-glosson.aspx","106980"
"DAVID L. GOLDFEIN","GENERAL",NA,"http://www.af.mil/AboutUs/Biographies/Display/tabid/225/Article/108013/general-david-l-goldfein.aspx","108013"
"HARRY A. GOODALL","LIEUTENANT GENERAL",1991,"http://www.af.mil/AboutUs/Biographies/Display/tabid/225/Article/106953/lieutenant-general-harry-a-goodall.aspx","106953"
"JOHN  A. GORDON","GENERAL",2000,"http://www.af.mil/AboutUs/Biographies/Display/tabid/225/Article/106961/general-john-a-gordon.aspx","106961"
"FRANK GORENC","GENERAL",NA,"http://www.af.mil/AboutUs/Biographies/Display/tabid/225/Article/104632/general-frank-gorenc.aspx","104632"
"THOMAS  B. GOSLIN JR.","LIEUTENANT GENERAL",2005,"http://www.af.mil/AboutUs/Biographies/Display/tabid/225/Article/104903/lieutenant-general-thomas-b-goslin-jr.aspx","104903"
"MICHAEL C. GOULD","LIEUTENANT GENERAL",2013,"http://www.af.mil/AboutUs/Biographies/Display/tabid/225/Article/104690/lieutenant-general-michael-c-gould.aspx","104690"
"SAMUEL A. GREAVES","LIEUTENANT GENERAL",NA,"http://www.af.mil/AboutUs/Biographies/Display/tabid/225/Article/108397/lieutenant-general-samuel-a-greaves.aspx","108397"
"(DR.) CHARLES B. GREEN","LIEUTENANT GENERAL",2012,"http://www.af.mil/AboutUs/Biographies/Display/tabid/225/Article/104772/lieutenant-general-dr-charles-b-green.aspx","104772"
"JOHN C. ""CLARK"" GRIFFITH","LIEUTENANT GENERAL",1998,"http://www.af.mil/AboutUs/Biographies/Display/tabid/225/Article/106928/lieutenant-general-john-c-clark-griffith.aspx","106928"
"GINA M. GROSSO","LIEUTENANT GENERAL",NA,"http://www.af.mil/AboutUs/Biographies/Display/tabid/225/Article/108666/lieutenant-general-gina-m-grosso.aspx","108666"
"EUGENE  E. HABIGER","GENERAL",1998,"http://www.af.mil/AboutUs/Biographies/Display/tabid/225/Article/106883/general-eugene-e-habiger.aspx","106883"
"JOHN  B. HALL JR.","LIEUTENANT GENERAL",1999,"http://www.af.mil/AboutUs/Biographies/Display/tabid/225/Article/106872/lieutenant-general-john-b-hall-jr.aspx","106872"
"WILLIAM  P. HALLIN","LIEUTENANT GENERAL",1998,"http://www.af.mil/AboutUs/Biographies/Display/tabid/225/Article/106881/lieutenant-general-william-p-hallin.aspx","106881"
"MICHAEL A. HAMEL","LIEUTENANT GENERAL",2008,"http://www.af.mil/AboutUs/Biographies/Display/tabid/225/Article/104884/lieutenant-general-michael-a-hamel.aspx","104884"
"CHARLES R. HAMM","LIEUTENANT GENERAL",1991,"http://www.af.mil/AboutUs/Biographies/Display/tabid/225/Article/106866/lieutenant-general-charles-r-hamm.aspx","106866"
"TREVOR A. HAMMOND","LIEUTENANT GENERAL",1993,"http://www.af.mil/AboutUs/Biographies/Display/tabid/225/Article/106867/lieutenant-general-trevor-a-hammond.aspx","106867"
"JOHN  W. HANDY","GENERAL",2005,"http://www.af.mil/AboutUs/Biographies/Display/tabid/225/Article/104618/general-john-w-handy.aspx","104618"
"RUSSELL J. HANDY","LIEUTENANT GENERAL",NA,"http://www.af.mil/AboutUs/Biographies/Display/tabid/225/Article/108369/lieutenant-general-russell-j-handy.aspx","108369"
"RICHARD C. HARDING","LIEUTENANT GENERAL",2014,"http://www.af.mil/AboutUs/Biographies/Display/tabid/225/Article/107949/lieutenant-general-richard-c-harding.aspx","107949"
"RONNIE D. HAWKINS JR.","LIEUTENANT GENERAL",2015,"http://www.af.mil/AboutUs/Biographies/Display/tabid/225/Article/104826/lieutenant-general-ronnie-d-hawkins-jr.aspx","104826"
"RICHARD  E. HAWLEY","GENERAL",1999,"http://www.af.mil/AboutUs/Biographies/Display/tabid/225/Article/106803/general-richard-e-hawley.aspx","106803"
"MICHAEL V. HAYDEN","GENERAL",2008,"http://www.af.mil/AboutUs/Biographies/Display/tabid/225/Article/104763/general-michael-v-hayden.aspx","104763"
"CHARLES  R. HEFLEBOWER","LIEUTENANT GENERAL",2002,"http://www.af.mil/AboutUs/Biographies/Display/tabid/225/Article/106807/lieutenant-general-charles-r-heflebower.aspx","106807"
"BRADLEY A. HEITHOLD","LIEUTENANT GENERAL",NA,"http://www.af.mil/AboutUs/Biographies/Display/tabid/225/Article/107975/lieutenant-general-bradley-a-heithold.aspx","107975"
"SUSAN J. HELMS","LIEUTENANT GENERAL",2014,"http://www.af.mil/AboutUs/Biographies/Display/tabid/225/Article/107959/lieutenant-general-susan-j-helms.aspx","107959"
"PAUL V. HESTER","GENERAL",2008,"http://www.af.mil/AboutUs/Biographies/Display/tabid/225/Article/104930/general-paul-v-hester.aspx","104930"
"JOHN W. HESTERMAN III","LIEUTENANT GENERAL",NA,"http://www.af.mil/AboutUs/Biographies/Display/tabid/225/Article/107988/lieutenant-general-john-w-hesterman-iii.aspx","107988"
"THOMAS  J. HICKEY","LIEUTENANT GENERAL",1992,"http://www.af.mil/AboutUs/Biographies/Display/tabid/225/Article/104724/lieutenant-general-thomas-j-hickey.aspx","104724"
"ROBERT  C. HINSON","LIEUTENANT GENERAL",2003,"http://www.af.mil/AboutUs/Biographies/Display/tabid/225/Article/106776/lieutenant-general-robert-c-hinson.aspx","106776"
"WILLIAM T. HOBBINS","GENERAL",2008,"http://www.af.mil/AboutUs/Biographies/Display/tabid/225/Article/104870/general-william-t-hobbins.aspx","104870"
"DONALD J. HOFFMAN","GENERAL",2012,"http://www.af.mil/AboutUs/Biographies/Display/tabid/225/Article/104679/general-donald-j-hoffman.aspx","104679"
"WALTER  S. HOGLE JR.","LIEUTENANT GENERAL",2001,"http://www.af.mil/AboutUs/Biographies/Display/tabid/225/Article/106763/lieutenant-general-walter-s-hogle-jr.aspx","106763"
"CHARLES  R. HOLLAND","GENERAL",2003,"http://www.af.mil/AboutUs/Biographies/Display/tabid/225/Article/106758/general-charles-r-holland.aspx","106758"
"JAMES M. ""MIKE"" HOLMES","LIEUTENANT GENERAL",NA,"http://www.af.mil/AboutUs/Biographies/Display/tabid/225/Article/108279/lieutenant-general-james-m-mike-holmes.aspx","108279"
"STEPHEN L. HOOG","LIEUTENANT GENERAL",2015,"http://www.af.mil/AboutUs/Biographies/Display/tabid/225/Article/105063/lieutenant-general-stephen-l-hoog.aspx","105063"
"JOHN  D. HOPPER JR.","LIEUTENANT GENERAL",2005,"http://www.af.mil/AboutUs/Biographies/Display/tabid/225/Article/104904/lieutenant-general-john-d-hopper-jr.aspx","104904"
"HAL  M. HORNBURG","GENERAL",2005,"http://www.af.mil/AboutUs/Biographies/Display/tabid/225/Article/105057/general-hal-m-hornburg.aspx","105057"
"CHARLES A. HORNER","GENERAL",1994,"http://www.af.mil/AboutUs/Biographies/Display/tabid/225/Article/106694/general-charles-a-horner.aspx","106694"
"BRADLEY C. HOSMER","LIEUTENANT GENERAL",1994,"http://www.af.mil/AboutUs/Biographies/Display/tabid/225/Article/106697/lieutenant-general-bradley-c-hosmer.aspx","106697"
"GILMARY MICHAEL HOSTAGE III","GENERAL",2015,"http://www.af.mil/AboutUs/Biographies/Display/tabid/225/Article/104754/general-gilmary-michael-hostage-iii.aspx","104754"
"JOHN L. ""JACK"" HUDSON","LIEUTENANT GENERAL",2009,"http://www.af.mil/AboutUs/Biographies/Display/tabid/225/Article/104670/lieutenant-general-john-l-jack-hudson.aspx","104670"
"RAYMOND  P. HUOT","LIEUTENANT GENERAL",2004,"http://www.af.mil/AboutUs/Biographies/Display/tabid/225/Article/106683/lieutenant-general-raymond-p-huot.aspx","106683"
"JOSEPH  E. HURD","LIEUTENANT GENERAL",2000,"http://www.af.mil/AboutUs/Biographies/Display/tabid/225/Article/106684/lieutenant-general-joseph-e-hurd.aspx","106684"
"JOHN E. HYTEN","GENERAL",NA,"http://www.af.mil/AboutUs/Biographies/Display/tabid/225/Article/108115/general-john-e-hyten.aspx","108115"
"RONALD  W. IVERSON","LIEUTENANT GENERAL",1997,"http://www.af.mil/AboutUs/Biographies/Display/tabid/225/Article/106670/lieutenant-general-ronald-w-iverson.aspx","106670"
"JAMES ""JJ"" JACKSON","LIEUTENANT GENERAL",2016,"http://www.af.mil/AboutUs/Biographies/Display/tabid/225/Article/108179/lieutenant-general-james-jj-jackson.aspx","108179"
"JOHN E. JACKSON JR.","LIEUTENANT GENERAL",1994,"http://www.af.mil/AboutUs/Biographies/Display/tabid/225/Article/106659/lieutenant-general-john-e-jackson-jr.aspx","106659"
"JAMES  L. JAMERSON","GENERAL",1998,"http://www.af.mil/AboutUs/Biographies/Display/tabid/225/Article/104693/general-james-l-jamerson.aspx","104693"
"LARRY D. JAMES","LIEUTENANT GENERAL",2013,"http://www.af.mil/AboutUs/Biographies/Display/tabid/225/Article/104799/lieutenant-general-larry-d-james.aspx","104799"
"DANIEL JAMES III","LIEUTENANT GENERAL",2006,"http://www.af.mil/AboutUs/Biographies/Display/tabid/225/Article/106644/lieutenant-general-daniel-james-iii.aspx","106644"
"ARLEN D. JAMESON","LIEUTENANT GENERAL",1996,"http://www.af.mil/AboutUs/Biographies/Display/tabid/225/Article/106648/lieutenant-general-arlen-d-jameson.aspx","106648"
"JOHN E. JAQUISH","LIEUTENANT GENERAL",1993,"http://www.af.mil/AboutUs/Biographies/Display/tabid/225/Article/106650/lieutenant-general-john-e-jaquish.aspx","106650"
"RALPH J. JODICE II","LIEUTENANT GENERAL",2013,"http://www.af.mil/AboutUs/Biographies/Display/tabid/225/Article/105053/lieutenant-general-ralph-j-jodice-ii.aspx","105053"
"RAYMOND E. JOHNS JR.","GENERAL",2013,"http://www.af.mil/AboutUs/Biographies/Display/tabid/225/Article/106641/general-raymond-e-johns-jr.aspx","106641"
"HANSFORD T. JOHNSON","GENERAL",1992,"http://www.af.mil/AboutUs/Biographies/Display/tabid/225/Article/106581/general-hansford-t-johnson.aspx","106581"
"CHARLES L. JOHNSON II","LIEUTENANT GENERAL",2008,"http://www.af.mil/AboutUs/Biographies/Display/tabid/225/Article/105070/lieutenant-general-charles-l-johnson-ii.aspx","105070"
"MICHELLE D. JOHNSON","LIEUTENANT GENERAL",NA,"http://www.af.mil/AboutUs/Biographies/Display/tabid/225/Article/107919/lieutenant-general-michelle-d-johnson.aspx","107919"
"NOEL T. ""TOM"" JONES","LIEUTENANT GENERAL",2015,"http://www.af.mil/AboutUs/Biographies/Display/tabid/225/Article/107986/lieutenant-general-noel-t-tom-jones.aspx","107986"
"DARRELL D. JONES","LIEUTENANT GENERAL",2014,"http://www.af.mil/AboutUs/Biographies/Display/tabid/225/Article/107939/lieutenant-general-darrell-d-jones.aspx","107939"
"JAN-MARC JOUAS","LIEUTENANT GENERAL",2015,"http://www.af.mil/AboutUs/Biographies/Display/tabid/225/Article/104667/lieutenant-general-jan-marc-jouas.aspx","104667"
"JOHN P. JUMPER","GENERAL",2005,"http://www.af.mil/AboutUs/Biographies/Display/tabid/225/Article/104697/general-john-p-jumper.aspx","104697"
"RONALD  T. KADISH","LIEUTENANT GENERAL",2004,"http://www.af.mil/AboutUs/Biographies/Display/tabid/225/Article/106560/lieutenant-general-ronald-t-kadish.aspx","106560"
"THOMAS  J. KECK","LIEUTENANT GENERAL",2002,"http://www.af.mil/AboutUs/Biographies/Display/tabid/225/Article/106610/lieutenant-general-thomas-j-keck.aspx","106610"
"C. ROBERT ""BOB"" KEHLER","GENERAL",2014,"http://www.af.mil/AboutUs/Biographies/Display/tabid/225/Article/104879/general-c-robert-bob-kehler.aspx","104879"
"NICHOLAS  B. KEHOE","LIEUTENANT GENERAL",2000,"http://www.af.mil/AboutUs/Biographies/Display/tabid/225/Article/106553/lieutenant-general-nicholas-b-kehoe.aspx","106553"
"JAY  W. KELLEY","LIEUTENANT GENERAL",1996,"http://www.af.mil/AboutUs/Biographies/Display/tabid/225/Article/106540/lieutenant-general-jay-w-kelley.aspx","106540"
"CHRISTOPHER A. KELLY","LIEUTENANT GENERAL",2008,"http://www.af.mil/AboutUs/Biographies/Display/tabid/225/Article/104856/lieutenant-general-christopher-a-kelly.aspx","104856"
"LESLIE  F. KENNE","LIEUTENANT GENERAL",2003,"http://www.af.mil/AboutUs/Biographies/Display/tabid/225/Article/106626/lieutenant-general-leslie-f-kenne.aspx","106626"
"RONALD E. KEYS","GENERAL",2007,"http://www.af.mil/AboutUs/Biographies/Display/tabid/225/Article/104866/general-ronald-e-keys.aspx","104866"
"TIMOTHY A. KINNAN","LIEUTENANT GENERAL",2004,"http://www.af.mil/AboutUs/Biographies/Display/tabid/225/Article/106533/lieutenant-general-timothy-a-kinnan.aspx","106533"
"FRANK J. KISNER","LIEUTENANT GENERAL",2013,"http://www.af.mil/AboutUs/Biographies/Display/tabid/225/Article/107911/lieutenant-general-frank-j-kisner.aspx","107911"
"FRANK G. KLOTZ","LIEUTENANT GENERAL",2011,"http://www.af.mil/AboutUs/Biographies/Display/tabid/225/Article/106503/lieutenant-general-frank-g-klotz.aspx","106503"
"JEFFREY B. KOHLER","LIEUTENANT GENERAL",2007,"http://www.af.mil/AboutUs/Biographies/Display/tabid/225/Article/104740/lieutenant-general-jeffrey-b-kohler.aspx","104740"
"VERNON J. KONDRA","LIEUTENANT GENERAL",1992,"http://www.af.mil/AboutUs/Biographies/Display/tabid/225/Article/106494/lieutenant-general-vernon-j-kondra.aspx","106494"
"JAMES M. KOWALSKI","LIEUTENANT GENERAL",2015,"http://www.af.mil/AboutUs/Biographies/Display/tabid/225/Article/107901/lieutenant-general-james-m-kowalski.aspx","107901"
"JOHN C. KOZIOL","LIEUTENANT GENERAL",2012,"http://www.af.mil/AboutUs/Biographies/Display/tabid/225/Article/104804/lieutenant-general-john-c-koziol.aspx","104804"
"STANLEY T. KRESGE","LIEUTENANT GENERAL",2014,"http://www.af.mil/AboutUs/Biographies/Display/tabid/225/Article/107910/lieutenant-general-stanley-t-kresge.aspx","107910"
"WALTER KROSS","GENERAL",1998,"http://www.af.mil/AboutUs/Biographies/Display/tabid/225/Article/106513/general-walter-kross.aspx","106513"
"DONALD J. KUTYNA","GENERAL",1992,"http://www.af.mil/AboutUs/Biographies/Display/tabid/225/Article/106524/general-donald-j-kutyna.aspx","106524"
"STEVEN L. KWAST","LIEUTENANT GENERAL",NA,"http://www.af.mil/AboutUs/Biographies/Display/tabid/225/Article/108470/lieutenant-general-steven-l-kwast.aspx","108470"
"DONALD  A. LAMONTAGNE","LIEUTENANT GENERAL",2004,"http://www.af.mil/AboutUs/Biographies/Display/tabid/225/Article/106451/lieutenant-general-donald-a-lamontagne.aspx","106451"
"DENNIS R. LARSEN","LIEUTENANT GENERAL",2007,"http://www.af.mil/AboutUs/Biographies/Display/tabid/225/Article/104964/lieutenant-general-dennis-r-larsen.aspx","104964"
"DANIEL P. LEAF","LIEUTENANT GENERAL",2008,"http://www.af.mil/AboutUs/Biographies/Display/tabid/225/Article/104990/lieutenant-general-daniel-p-leaf.aspx","104990"
"JEANNIE M. LEAVITT","GENERAL",NA,"http://www.af.mil/AboutUs/Biographies/Display/tabid/225/Article/742033/general-jeannie-m-leavitt.aspx","742033"
"JOSEPH L. LENGYEL","LIEUTENANT GENERAL",NA,"http://www.af.mil/AboutUs/Biographies/Display/tabid/225/Article/108432/lieutenant-general-joseph-l-lengyel.aspx","108432"
"LEE K. LEVY II","LIEUTENANT GENERAL",NA,"http://www.af.mil/AboutUs/Biographies/Display/tabid/225/Article/108506/lieutenant-general-lee-k-levy-ii.aspx","108506"
"NORMAND  G. LEZY","LIEUTENANT GENERAL",1999,"http://www.af.mil/AboutUs/Biographies/Display/tabid/225/Article/106430/lieutenant-general-normand-g-lezy.aspx","106430"
"ARTHUR J. LICHTE","GENERAL",2010,"http://www.af.mil/AboutUs/Biographies/Display/tabid/225/Article/104855/general-arthur-j-lichte.aspx","104855"
"BRUCE A. LITCHFIELD","LIEUTENANT GENERAL",2015,"http://www.af.mil/AboutUs/Biographies/Display/tabid/225/Article/108330/lieutenant-general-bruce-a-litchfield.aspx","108330"
"JEFFREY G. LOFGREN","LIEUTENANT GENERAL",NA,"http://www.af.mil/AboutUs/Biographies/Display/tabid/225/Article/108379/lieutenant-general-jeffrey-g-lofgren.aspx","108379"
"JOHN MICHAEL LOH","GENERAL",1995,"http://www.af.mil/AboutUs/Biographies/Display/tabid/225/Article/106378/general-john-michael-loh.aspx","106378"
"WILLIAM R. LOONEY III","GENERAL",2008,"http://www.af.mil/AboutUs/Biographies/Display/tabid/225/Article/104816/general-william-r-looney-iii.aspx","104816"
"JOHN  G. LORBER","GENERAL",1997,"http://www.af.mil/AboutUs/Biographies/Display/tabid/225/Article/106374/general-john-g-lorber.aspx","106374"
"WILLIAM T. LORD","LIEUTENANT GENERAL",NA,"http://www.af.mil/AboutUs/Biographies/Display/tabid/225/Article/104669/lieutenant-general-william-t-lord.aspx","104669"
"LANCE W. LORD","GENERAL",2006,"http://www.af.mil/AboutUs/Biographies/Display/tabid/225/Article/105049/general-lance-w-lord.aspx","105049"
"STEPHEN R. LORENZ","GENERAL",2011,"http://www.af.mil/AboutUs/Biographies/Display/tabid/225/Article/104885/general-stephen-r-lorenz.aspx","104885"
"ROBERT  H. LUDWIG","LIEUTENANT GENERAL",1992,"http://www.af.mil/AboutUs/Biographies/Display/tabid/225/Article/105028/lieutenant-general-robert-h-ludwig.aspx","105028"
"LESTER  L. LYLES","GENERAL",2003,"http://www.af.mil/AboutUs/Biographies/Display/tabid/225/Article/106412/general-lester-l-lyles.aspx","106412"
"ROY H. LYNN","LIEUTENANT GENERAL",1992,"http://www.af.mil/AboutUs/Biographies/Display/tabid/225/Article/106414/lieutenant-general-roy-h-lynn.aspx","106414"
"RONALD  C. MARCOTTE","LIEUTENANT GENERAL",2002,"http://www.af.mil/AboutUs/Biographies/Display/tabid/225/Article/106362/lieutenant-general-ronald-c-marcotte.aspx","106362"
"GREGORY  S. MARTIN","GENERAL",2005,"http://www.af.mil/AboutUs/Biographies/Display/tabid/225/Article/104705/general-gregory-s-martin.aspx","104705"
"WENDY M. MASIELLO","LIEUTENANT GENERAL",NA,"http://www.af.mil/AboutUs/Biographies/Display/tabid/225/Article/108139/lieutenant-general-wendy-m-masiello.aspx","108139"
"CHARLES A. MAY JR.","LIEUTENANT GENERAL",1992,"http://www.af.mil/AboutUs/Biographies/Display/tabid/225/Article/106296/lieutenant-general-charles-a-may-jr.aspx","106296"
"JAMES P. MCCARTHY","GENERAL",1992,"http://www.af.mil/AboutUs/Biographies/Display/tabid/225/Article/106308/general-james-p-mccarthy.aspx","106308"
"CHARLES MCCAUSLAND","LIEUTENANT GENERAL",1992,"http://www.af.mil/AboutUs/Biographies/Display/tabid/225/Article/106317/lieutenant-general-charles-mccausland.aspx","106317"
"DAVID  J. MCCLOUD","LIEUTENANT GENERAL",1998,"http://www.af.mil/AboutUs/Biographies/Display/tabid/225/Article/106321/lieutenant-general-david-j-mccloud.aspx","106321"
"ROBERT P. MCCOY","LIEUTENANT GENERAL",1991,"http://www.af.mil/AboutUs/Biographies/Display/tabid/225/Article/106271/lieutenant-general-robert-p-mccoy.aspx","106271"
"DARREN W. MCDEW","GENERAL",NA,"http://www.af.mil/AboutUs/Biographies/Display/tabid/225/Article/107925/general-darren-w-mcdew.aspx","107925"
"CHARLES C. MCDONALD","GENERAL",1992,"http://www.af.mil/AboutUs/Biographies/Display/tabid/225/Article/106276/general-charles-c-mcdonald.aspx","106276"
"MAURICE L. ""LEE"" MCFANN JR.","LIEUTENANT GENERAL",2010,"http://www.af.mil/AboutUs/Biographies/Display/tabid/225/Article/104929/lieutenant-general-maurice-l-lee-mcfann-jr.aspx","104929"
"MICHAEL  D. MCGINTY","LIEUTENANT GENERAL",1998,"http://www.af.mil/AboutUs/Biographies/Display/tabid/225/Article/106252/lieutenant-general-michael-d-mcginty.aspx","106252"
"DAVID  W. MCILVOY","LIEUTENANT GENERAL",2001,"http://www.af.mil/AboutUs/Biographies/Display/tabid/225/Article/106260/lieutenant-general-david-w-mcilvoy.aspx","106260"
"THOMAS G. MCINERNEY","LIEUTENANT GENERAL",1994,"http://www.af.mil/AboutUs/Biographies/Display/tabid/225/Article/106262/lieutenant-general-thomas-g-mcinerney.aspx","106262"
"CRAIG R. MCKINLEY","GENERAL",2012,"http://www.af.mil/AboutUs/Biographies/Display/tabid/225/Article/104684/general-craig-r-mckinley.aspx","104684"
"JAMES K. ""KEVIN"" MCLAUGHLIN","LIEUTENANT GENERAL",NA,"http://www.af.mil/AboutUs/Biographies/Display/tabid/225/Article/108399/lieutenant-general-james-k-kevin-mclaughlin.aspx","108399"
"DUNCAN J. MCNABB","GENERAL",2011,"http://www.af.mil/AboutUs/Biographies/Display/tabid/225/Article/104755/general-duncan-j-mcnabb.aspx","104755"
"MERRILL A. MCPEAK","GENERAL",1994,"http://www.af.mil/AboutUs/Biographies/Display/tabid/225/Article/106137/general-merrill-a-mcpeak.aspx","106137"
"GARY  H. MEARS","LIEUTENANT GENERAL",1994,"http://www.af.mil/AboutUs/Biographies/Display/tabid/225/Article/106142/lieutenant-general-gary-h-mears.aspx","106142"
"(DR.) MONTE B. MILLER","LIEUTENANT GENERAL",1991,"http://www.af.mil/AboutUs/Biographies/Display/tabid/225/Article/106222/lieutenant-general-dr-monte-b-miller.aspx","106222"
"CHRISTOPHER D. MILLER","LIEUTENANT GENERAL",2013,"http://www.af.mil/AboutUs/Biographies/Display/tabid/225/Article/104644/lieutenant-general-christopher-d-miller.aspx","104644"
"KENNETH  A. MINIHAN","LIEUTENANT GENERAL",1999,"http://www.af.mil/AboutUs/Biographies/Display/tabid/225/Article/106229/lieutenant-general-kenneth-a-minihan.aspx","106229"
"MICHAEL R. MOELLER","LIEUTENANT GENERAL",2014,"http://www.af.mil/AboutUs/Biographies/Display/tabid/225/Article/108000/lieutenant-general-michael-r-moeller.aspx","108000"
"C.D. MOORE II","LIEUTENANT GENERAL",2014,"http://www.af.mil/AboutUs/Biographies/Display/tabid/225/Article/107967/lieutenant-general-cd-moore-ii.aspx","107967"
"GLEN W ""WALLY"" MOORHEAD III","LIEUTENANT GENERAL",2006,"http://www.af.mil/AboutUs/Biographies/Display/tabid/225/Article/104968/lieutenant-general-glen-w-wally-moorhead-iii.aspx","104968"
"THOMAS S. MOORMAN JR.","GENERAL",1997,"http://www.af.mil/AboutUs/Biographies/Display/tabid/225/Article/106158/general-thomas-s-moorman-jr.aspx","106158"
"T. MICHAEL MOSELEY","GENERAL",2008,"http://www.af.mil/AboutUs/Biographies/Display/tabid/225/Article/104651/general-t-michael-moseley.aspx","104651"
"STEPHEN P. MUELLER","LIEUTENANT GENERAL",2014,"http://www.af.mil/AboutUs/Biographies/Display/tabid/225/Article/104973/lieutenant-general-stephen-p-mueller.aspx","104973"
"GEORGE  K. MUELLNER","LIEUTENANT GENERAL",1998,"http://www.af.mil/AboutUs/Biographies/Display/tabid/225/Article/106117/lieutenant-general-george-k-muellner.aspx","106117"
"RICHARD  B. MYERS","GENERAL",2005,"http://www.af.mil/AboutUs/Biographies/Display/tabid/225/Article/104623/general-richard-b-myers.aspx","104623"
"MICHAEL A. NELSON","LIEUTENANT GENERAL",1994,"http://www.af.mil/AboutUs/Biographies/Display/tabid/225/Article/106067/lieutenant-general-michael-a-nelson.aspx","106067"
"RICHARD Y. NEWTON III","LIEUTENANT GENERAL",2012,"http://www.af.mil/AboutUs/Biographies/Display/tabid/225/Article/104803/lieutenant-general-richard-y-newton-iii.aspx","104803"
"LLOYD  W.  ""FIG"" NEWTON","GENERAL",2000,"http://www.af.mil/AboutUs/Biographies/Display/tabid/225/Article/104917/general-lloyd-w-fig-newton.aspx","104917"
"GARY L. NORTH","GENERAL",2012,"http://www.af.mil/AboutUs/Biographies/Display/tabid/225/Article/104909/general-gary-l-north.aspx","104909"
"JOHN M. NOWAK","LIEUTENANT GENERAL",1995,"http://www.af.mil/AboutUs/Biographies/Display/tabid/225/Article/106089/lieutenant-general-john-m-nowak.aspx","106089"
"MARK C. NOWLAND","LIEUTENANT GENERAL",NA,"http://www.af.mil/AboutUs/Biographies/Display/tabid/225/Article/108596/lieutenant-general-mark-c-nowland.aspx","108596"
"ROBERT C. OAKS","GENERAL",1994,"http://www.af.mil/AboutUs/Biographies/Display/tabid/225/Article/106098/general-robert-c-oaks.aspx","106098"
"HENRY A. ""TREY"" OBERING III","LIEUTENANT GENERAL",2009,"http://www.af.mil/AboutUs/Biographies/Display/tabid/225/Article/106099/lieutenant-general-henry-a-trey-obering-iii.aspx","106099"
"CARL G. O'BERRY","LIEUTENANT GENERAL",1995,"http://www.af.mil/AboutUs/Biographies/Display/tabid/225/Article/106100/lieutenant-general-carl-g-oberry.aspx","106100"
"TAD  J. OELSTROM","LIEUTENANT GENERAL",2000,"http://www.af.mil/AboutUs/Biographies/Display/tabid/225/Article/106018/lieutenant-general-tad-j-oelstrom.aspx","106018"
"TERRENCE J. O'SHAUGHNESSY","LIEUTENANT GENERAL",NA,"http://www.af.mil/AboutUs/Biographies/Display/tabid/225/Article/108497/lieutenant-general-terrence-j-oshaughnessy.aspx","108497"
"ROBERT P. ""BOB"" OTTO","LIEUTENANT GENERAL",NA,"http://www.af.mil/AboutUs/Biographies/Display/tabid/225/Article/108133/lieutenant-general-robert-p-bob-otto.aspx","108133"
"THOMAS J. OWEN","LIEUTENANT GENERAL",2012,"http://www.af.mil/AboutUs/Biographies/Display/tabid/225/Article/105066/lieutenant-general-thomas-j-owen.aspx","105066"
"DOUGLAS H. OWENS","LIEUTENANT GENERAL",2013,"http://www.af.mil/AboutUs/Biographies/Display/tabid/225/Article/107968/lieutenant-general-douglas-h-owens.aspx","107968"
"ELLEN M. PAWLIKOWSKI","GENERAL",NA,"http://www.af.mil/AboutUs/Biographies/Display/tabid/225/Article/104867/general-ellen-m-pawlikowski.aspx","104867"
"ALLEN G. PECK","LIEUTENANT GENERAL",2011,"http://www.af.mil/AboutUs/Biographies/Display/tabid/225/Article/104629/lieutenant-general-allen-g-peck.aspx","104629"
"MICHAEL W. PETERSON","LIEUTENANT GENERAL",2009,"http://www.af.mil/AboutUs/Biographies/Display/tabid/225/Article/104836/lieutenant-general-michael-w-peterson.aspx","104836"
"DONALD  L. PETERSON","LIEUTENANT GENERAL",2001,"http://www.af.mil/AboutUs/Biographies/Display/tabid/225/Article/105912/lieutenant-general-donald-l-peterson.aspx","105912"
"STEPHEN  B. PLUMMER","LIEUTENANT GENERAL",2003,"http://www.af.mil/AboutUs/Biographies/Display/tabid/225/Article/105916/lieutenant-general-stephen-b-plummer.aspx","105916"
"STEVEN R. POLK","LIEUTENANT GENERAL",2006,"http://www.af.mil/AboutUs/Biographies/Display/tabid/225/Article/104874/lieutenant-general-steven-r-polk.aspx","104874"
"EVERETT  H. PRATT JR.","LIEUTENANT GENERAL",1997,"http://www.af.mil/AboutUs/Biographies/Display/tabid/225/Article/105904/lieutenant-general-everett-h-pratt-jr.aspx","105904"
"HARRY  D. RADUEGE JR.","LIEUTENANT GENERAL",2005,"http://www.af.mil/AboutUs/Biographies/Display/tabid/225/Article/104792/lieutenant-general-harry-d-raduege-jr.aspx","104792"
"ROBERT  F.  ""BOB"" RAGGIO","LIEUTENANT GENERAL",2001,"http://www.af.mil/AboutUs/Biographies/Display/tabid/225/Article/105863/lieutenant-general-robert-f-bob-raggio.aspx","105863"
"JOSEPH  W. RALSTON","GENERAL",2003,"http://www.af.mil/AboutUs/Biographies/Display/tabid/225/Article/105866/general-joseph-w-ralston.aspx","105866"
"MARK F. RAMSAY","LIEUTENANT GENERAL",2015,"http://www.af.mil/AboutUs/Biographies/Display/tabid/225/Article/108006/lieutenant-general-mark-f-ramsay.aspx","108006"
"ROBIN RAND","GENERAL",NA,"http://www.af.mil/AboutUs/Biographies/Display/tabid/225/Article/107922/general-robin-rand.aspx","107922"
"TIMOTHY M. RAY","LIEUTENANT GENERAL",NA,"http://www.af.mil/AboutUs/Biographies/Display/tabid/225/Article/108496/lieutenant-general-timothy-m-ray.aspx","108496"
"JOHN W. ""JAY"" RAYMOND","LIEUTENANT GENERAL",NA,"http://www.af.mil/AboutUs/Biographies/Display/tabid/225/Article/108479/lieutenant-general-john-w-jay-raymond.aspx","108479"
"JAMES F. RECORD","LIEUTENANT GENERAL",1997,"http://www.af.mil/AboutUs/Biographies/Display/tabid/225/Article/105852/lieutenant-general-james-f-record.aspx","105852"
"JOSEPH  J. REDDEN","LIEUTENANT GENERAL",1999,"http://www.af.mil/AboutUs/Biographies/Display/tabid/225/Article/105854/lieutenant-general-joseph-j-redden.aspx","105854"
"CLIFFORD H. ""TED"" REES JR.","LIEUTENANT GENERAL",1992,"http://www.af.mil/AboutUs/Biographies/Display/tabid/225/Article/105836/lieutenant-general-clifford-h-ted-rees-jr.aspx","105836"
"JOHN F. REGNI","LIEUTENANT GENERAL",2009,"http://www.af.mil/AboutUs/Biographies/Display/tabid/225/Article/105020/lieutenant-general-john-f-regni.aspx","105020"
"JEFFREY A. REMINGTON","LIEUTENANT GENERAL",2012,"http://www.af.mil/AboutUs/Biographies/Display/tabid/225/Article/105844/lieutenant-general-jeffrey-a-remington.aspx","105844"
"LOREN M. RENO","LIEUTENANT GENERAL",NA,"http://www.af.mil/AboutUs/Biographies/Display/tabid/225/Article/104951/lieutenant-general-loren-m-reno.aspx","104951"
"VICTOR E. RENUART JR.","GENERAL",2010,"http://www.af.mil/AboutUs/Biographies/Display/tabid/225/Article/104722/general-victor-e-renuart-jr.aspx","104722"
"WILLIAM J. REW","LIEUTENANT GENERAL",NA,"http://www.af.mil/AboutUs/Biographies/Display/tabid/225/Article/104886/lieutenant-general-william-j-rew.aspx","104886"
"RICHARD  V. REYNOLDS","LIEUTENANT GENERAL",2005,"http://www.af.mil/AboutUs/Biographies/Display/tabid/225/Article/104812/lieutenant-general-richard-v-reynolds.aspx","104812"
"EDWARD A. RICE JR.","GENERAL",2013,"http://www.af.mil/AboutUs/Biographies/Display/tabid/225/Article/104641/general-edward-a-rice-jr.aspx","104641"
"JACK L. RIVES","LIEUTENANT GENERAL",2010,"http://www.af.mil/AboutUs/Biographies/Display/tabid/225/Article/105827/lieutenant-general-jack-l-rives.aspx","105827"
"CHARLES  H. ROADMAN II","LIEUTENANT GENERAL",1999,"http://www.af.mil/AboutUs/Biographies/Display/tabid/225/Article/105829/lieutenant-general-charles-h-roadman-ii.aspx","105829"
"(DR.) DOUGLAS J. ROBB","LIEUTENANT GENERAL",2016,"http://www.af.mil/AboutUs/Biographies/Display/tabid/225/Article/108038/lieutenant-general-dr-douglas-j-robb.aspx","108038"
"DARRYL ROBERSON","LIEUTENANT GENERAL",NA,"http://www.af.mil/AboutUs/Biographies/Display/tabid/225/Article/108370/lieutenant-general-darryl-roberson.aspx","108370"
"CHARLES  T.  ""TONY"" ROBERTSON JR.","GENERAL",2001,"http://www.af.mil/AboutUs/Biographies/Display/tabid/225/Article/105768/general-charles-t-tony-robertson-jr.aspx","105768"
"LORI J. ROBINSON","GENERAL",NA,"http://www.af.mil/AboutUs/Biographies/Display/tabid/225/Article/108119/general-lori-j-robinson.aspx","108119"
"ANTHONY J. ROCK","LIEUTENANT GENERAL",NA,"http://www.af.mil/AboutUs/Biographies/Display/tabid/225/Article/108226/lieutenant-general-anthony-j-rock.aspx","108226"
"CRAVEN C. ROGERS JR.","LIEUTENANT GENERAL",1991,"http://www.af.mil/AboutUs/Biographies/Display/tabid/225/Article/105782/lieutenant-general-craven-c-rogers-jr.aspx","105782"
"MARC E. ROGERS","LIEUTENANT GENERAL",NA,"http://www.af.mil/AboutUs/Biographies/Display/tabid/225/Article/104780/lieutenant-general-marc-e-rogers.aspx","104780"
"ERVIN  J. ROKKE","LIEUTENANT GENERAL",1997,"http://www.af.mil/AboutUs/Biographies/Display/tabid/225/Article/105791/lieutenant-general-ervin-j-rokke.aspx","105791"
"JOHN W. ROSA JR.","LIEUTENANT GENERAL",2005,"http://www.af.mil/AboutUs/Biographies/Display/tabid/225/Article/105795/lieutenant-general-john-w-rosa-jr.aspx","105795"
"(DR.) JAMES G. ROUDEBUSH","LIEUTENANT GENERAL",2009,"http://www.af.mil/AboutUs/Biographies/Display/tabid/225/Article/105761/lieutenant-general-dr-james-g-roudebush.aspx","105761"
"ROBERT D. RUSS","GENERAL",1991,"http://www.af.mil/AboutUs/Biographies/Display/tabid/225/Article/105743/general-robert-d-russ.aspx","105743"
"ROBERT  L. RUTHERFORD","GENERAL",1996,"http://www.af.mil/AboutUs/Biographies/Display/tabid/225/Article/105750/general-robert-l-rutherford.aspx","105750"
"MICHAEL  E. RYAN","GENERAL",2001,"http://www.af.mil/AboutUs/Biographies/Display/tabid/225/Article/105755/general-michael-e-ryan.aspx","105755"
"MARTIN  J. RYAN JR.","LIEUTENANT GENERAL",1993,"http://www.af.mil/AboutUs/Biographies/Display/tabid/225/Article/105054/lieutenant-general-martin-j-ryan-jr.aspx","105054"
"RONALD F. SAMS","LIEUTENANT GENERAL",2009,"http://www.af.mil/AboutUs/Biographies/Display/tabid/225/Article/107945/lieutenant-general-ronald-f-sams.aspx","107945"
"JOHN B. SAMS JR.","LIEUTENANT GENERAL",2000,"http://www.af.mil/AboutUs/Biographies/Display/tabid/225/Article/105714/lieutenant-general-john-b-sams-jr.aspx","105714"
"EUGENE  D. SANTARELLI","LIEUTENANT GENERAL",1998,"http://www.af.mil/AboutUs/Biographies/Display/tabid/225/Article/105724/lieutenant-general-eugene-d-santarelli.aspx","105724"
"MARK O. SCHISSLER","LIEUTENANT GENERAL",NA,"http://www.af.mil/AboutUs/Biographies/Display/tabid/225/Article/107994/lieutenant-general-mark-o-schissler.aspx","107994"
"RANDALL MARK SCHMIDT","LIEUTENANT GENERAL",2006,"http://www.af.mil/AboutUs/Biographies/Display/tabid/225/Article/104950/lieutenant-general-randall-mark-schmidt.aspx","104950"
"NORTON A. SCHWARTZ","GENERAL",2012,"http://www.af.mil/AboutUs/Biographies/Display/tabid/225/Article/104626/general-norton-a-schwartz.aspx","104626"
"RICHARD M. SCOFIELD","LIEUTENANT GENERAL",1996,"http://www.af.mil/AboutUs/Biographies/Display/tabid/225/Article/105690/lieutenant-general-richard-m-scofield.aspx","105690"
"CHARLES J. SEAROCK JR.","LIEUTENANT GENERAL",1993,"http://www.af.mil/AboutUs/Biographies/Display/tabid/225/Article/105669/lieutenant-general-charles-j-searock-jr.aspx","105669"
"NORMAN R. SEIP","LIEUTENANT GENERAL",2009,"http://www.af.mil/AboutUs/Biographies/Display/tabid/225/Article/104646/lieutenant-general-norman-r-seip.aspx","104646"
"PAUL J. SELVA","GENERAL",NA,"http://www.af.mil/AboutUs/Biographies/Display/tabid/225/Article/105043/general-paul-j-selva.aspx","105043"
"MARK D. ""SHACK"" SHACKELFORD","LIEUTENANT GENERAL",2011,"http://www.af.mil/AboutUs/Biographies/Display/tabid/225/Article/104802/lieutenant-general-mark-d-shack-shackelford.aspx","104802"
"JOHN N.T. ""JACK"" SHANAHAN","LIEUTENANT GENERAL",NA,"http://www.af.mil/AboutUs/Biographies/Display/tabid/225/Article/108830/lieutenant-general-john-nt-jack-shanahan.aspx","108830"
"JOHN A. SHAUD","GENERAL",1991,"http://www.af.mil/AboutUs/Biographies/Display/tabid/225/Article/105658/general-john-a-shaud.aspx","105658"
"WILLIAM L. SHELTON","GENERAL",2014,"http://www.af.mil/AboutUs/Biographies/Display/tabid/225/Article/104749/general-william-l-shelton.aspx","104749"
"JOHN T. ""TOM"" SHERIDAN","LIEUTENANT GENERAL",2011,"http://www.af.mil/AboutUs/Biographies/Display/tabid/225/Article/104625/lieutenant-general-john-t-tom-sheridan.aspx","104625"
"JAMES E. SHERRARD III","LIEUTENANT GENERAL",NA,"http://www.af.mil/AboutUs/Biographies/Display/tabid/225/Article/105637/lieutenant-general-james-e-sherrard-iii.aspx","105637"
"MICHAEL C. SHORT","LIEUTENANT GENERAL",2000,"http://www.af.mil/AboutUs/Biographies/Display/tabid/225/Article/105541/lieutenant-general-michael-c-short.aspx","105541"
"E.G. ""BUCK"" SHULER JR.","LIEUTENANT GENERAL",1991,"http://www.af.mil/AboutUs/Biographies/Display/tabid/225/Article/105544/lieutenant-general-eg-buck-shuler-jr.aspx","105544"
"(DR.) ALEXANDER M. SLOAN","LIEUTENANT GENERAL",1994,"http://www.af.mil/AboutUs/Biographies/Display/tabid/225/Article/105598/lieutenant-general-dr-alexander-m-sloan.aspx","105598"
"LANCE L. SMITH","GENERAL",2008,"http://www.af.mil/AboutUs/Biographies/Display/tabid/225/Article/104871/general-lance-l-smith.aspx","104871"
"CARL R. SMITH","LIEUTENANT GENERAL",1991,"http://www.af.mil/AboutUs/Biographies/Display/tabid/225/Article/105601/lieutenant-general-carl-r-smith.aspx","105601"
"LEO W. SMITH II","LIEUTENANT GENERAL",1992,"http://www.af.mil/AboutUs/Biographies/Display/tabid/225/Article/105615/lieutenant-general-leo-w-smith-ii.aspx","105615"
"DONALD SNYDER","LIEUTENANT GENERAL",1992,"http://www.af.mil/AboutUs/Biographies/Display/tabid/225/Article/105559/lieutenant-general-donald-snyder.aspx","105559"
"JAMES N. SOLIGAN","LIEUTENANT GENERAL",2009,"http://www.af.mil/AboutUs/Biographies/Display/tabid/225/Article/105045/lieutenant-general-james-n-soligan.aspx","105045"
"GLENN F. SPEARS","LIEUTENANT GENERAL",2011,"http://www.af.mil/AboutUs/Biographies/Display/tabid/225/Article/104732/lieutenant-general-glenn-f-spears.aspx","104732"
"LARRY O. SPENCER","GENERAL",2015,"http://www.af.mil/AboutUs/Biographies/Display/tabid/225/Article/104756/general-larry-o-spencer.aspx","104756"
"PAUL E. STEIN","LIEUTENANT GENERAL",1997,"http://www.af.mil/AboutUs/Biographies/Display/tabid/225/Article/105536/lieutenant-general-paul-e-stein.aspx","105536"
"CHARLES E. STENNER JR.","LIEUTENANT GENERAL",2012,"http://www.af.mil/AboutUs/Biographies/Display/tabid/225/Article/105140/lieutenant-general-charles-e-stenner-jr.aspx","105140"
"KEVIN J. SULLIVAN","LIEUTENANT GENERAL",2008,"http://www.af.mil/AboutUs/Biographies/Display/tabid/225/Article/104954/lieutenant-general-kevin-j-sullivan.aspx","104954"
"RICHARD T. SWOPE","LIEUTENANT GENERAL",1998,"http://www.af.mil/AboutUs/Biographies/Display/tabid/225/Article/105476/lieutenant-general-richard-t-swope.aspx","105476"
"EUGENE  L.  ""GENE"" TATTINI","LIEUTENANT GENERAL",2001,"http://www.af.mil/AboutUs/Biographies/Display/tabid/225/Article/105405/lieutenant-general-eugene-l-gene-tattini.aspx","105405"
"(DR.) GEORGE PEACH TAYLOR JR.","LIEUTENANT GENERAL",2006,"http://www.af.mil/AboutUs/Biographies/Display/tabid/225/Article/104941/lieutenant-general-dr-george-peach-taylor-jr.aspx","104941"
"DAVID J. TEAL","LIEUTENANT GENERAL",1992,"http://www.af.mil/AboutUs/Biographies/Display/tabid/225/Article/105395/lieutenant-general-david-j-teal.aspx","105395"
"EDWIN  E. TENOSO","LIEUTENANT GENERAL",1997,"http://www.af.mil/AboutUs/Biographies/Display/tabid/225/Article/105398/lieutenant-general-edwin-e-tenoso.aspx","105398"
"JOHN F. THOMPSON","LIEUTENANT GENERAL",NA,"http://www.af.mil/AboutUs/Biographies/Display/tabid/225/Article/108394/lieutenant-general-john-f-thompson.aspx","108394"
"DALE W. THOMPSON JR.","LIEUTENANT GENERAL",1995,"http://www.af.mil/AboutUs/Biographies/Display/tabid/225/Article/105448/lieutenant-general-dale-w-thompson-jr.aspx","105448"
"LANSFORD E. TRAPP JR.","LIEUTENANT GENERAL",2002,"http://www.af.mil/AboutUs/Biographies/Display/tabid/225/Article/105437/lieutenant-general-lansford-e-trapp-jr.aspx","105437"
"THOMAS J. TRASK","LIEUTENANT GENERAL",NA,"http://www.af.mil/AboutUs/Biographies/Display/tabid/225/Article/108368/lieutenant-general-thomas-j-trask.aspx","108368"
"(DR.) THOMAS W. TRAVIS","LIEUTENANT GENERAL",2015,"http://www.af.mil/AboutUs/Biographies/Display/tabid/225/Article/104654/lieutenant-general-dr-thomas-w-travis.aspx","104654"
"GARRY R. TREXLER","LIEUTENANT GENERAL",2007,"http://www.af.mil/AboutUs/Biographies/Display/tabid/225/Article/104935/lieutenant-general-garry-r-trexler.aspx","104935"
"RICHARD J. TRZASKOMA","LIEUTENANT GENERAL",1993,"http://www.af.mil/AboutUs/Biographies/Display/tabid/225/Article/105383/lieutenant-general-richard-j-trzaskoma.aspx","105383"
"LOYD S. ""CHIP"" UTTERBACK","LIEUTENANT GENERAL",2009,"http://www.af.mil/AboutUs/Biographies/Display/tabid/225/Article/104691/lieutenant-general-loyd-s-chip-utterback.aspx","104691"
"DAVID  L. VESELY","LIEUTENANT GENERAL",1999,"http://www.af.mil/AboutUs/Biographies/Display/tabid/225/Article/105337/lieutenant-general-david-l-vesely.aspx","105337"
"HENRY VICCELLIO JR.","GENERAL",1997,"http://www.af.mil/AboutUs/Biographies/Display/tabid/225/Article/105339/general-henry-viccellio-jr.aspx","105339"
"CHARLES F. ""CHUCK"" WALD","GENERAL",2006,"http://www.af.mil/AboutUs/Biographies/Display/tabid/225/Article/105003/general-charles-f-chuck-wald.aspx","105003"
"TOME  H. WALTERS JR.","LIEUTENANT GENERAL",2004,"http://www.af.mil/AboutUs/Biographies/Display/tabid/225/Article/105291/lieutenant-general-tome-h-walters-jr.aspx","105291"
"THOMAS  C. WASKOW","LIEUTENANT GENERAL",2005,"http://www.af.mil/AboutUs/Biographies/Display/tabid/225/Article/104970/lieutenant-general-thomas-c-waskow.aspx","104970"
"MARSHALL B. ""BRAD"" WEBB","LIEUTENANT GENERAL",NA,"http://www.af.mil/AboutUs/Biographies/Display/tabid/225/Article/108486/lieutenant-general-marshall-b-brad-webb.aspx","108486"
"JOSEPH  H. WEHRLE JR.","LIEUTENANT GENERAL",2003,"http://www.af.mil/AboutUs/Biographies/Display/tabid/225/Article/105353/lieutenant-general-joseph-h-wehrle-jr.aspx","105353"
"JACK WEINSTEIN","LIEUTENANT GENERAL",NA,"http://www.af.mil/AboutUs/Biographies/Display/tabid/225/Article/108351/lieutenant-general-jack-weinstein.aspx","108351"
"WILLIAM WELSER III","LIEUTENANT GENERAL",2005,"http://www.af.mil/AboutUs/Biographies/Display/tabid/225/Article/104915/lieutenant-general-william-welser-iii.aspx","104915"
"MARK A. WELSH III","GENERAL",NA,"http://www.af.mil/AboutUs/Biographies/Display/tabid/225/Article/104966/general-mark-a-welsh-iii.aspx","104966"
"DONALD J. WETEKAM","LIEUTENANT GENERAL",2007,"http://www.af.mil/AboutUs/Biographies/Display/tabid/225/Article/104928/lieutenant-general-donald-j-wetekam.aspx","104928"
"STEPHEN W. ""SEVE"" WILSON","LIEUTENANT GENERAL",NA,"http://www.af.mil/AboutUs/Biographies/Display/tabid/225/Article/108121/lieutenant-general-stephen-w-seve-wilson.aspx","108121"
"THAD  A. WOLFE","LIEUTENANT GENERAL",1996,"http://www.af.mil/AboutUs/Biographies/Display/tabid/225/Article/105223/lieutenant-general-thad-a-wolfe.aspx","105223"
"JANET C. WOLFENBARGER","GENERAL",2015,"http://www.af.mil/AboutUs/Biographies/Display/tabid/225/Article/107934/general-janet-c-wolfenbarger.aspx","107934"
"TOD D. WOLTERS","LIEUTENANT GENERAL",NA,"http://www.af.mil/AboutUs/Biographies/Display/tabid/225/Article/107979/lieutenant-general-tod-d-wolters.aspx","107979"
"C.  NORMAN WOOD","LIEUTENANT GENERAL",1992,"http://www.af.mil/AboutUs/Biographies/Display/tabid/225/Article/105227/lieutenant-general-c-norman-wood.aspx","105227"
"STEPHEN G. WOOD","LIEUTENANT GENERAL",2009,"http://www.af.mil/AboutUs/Biographies/Display/tabid/225/Article/104889/lieutenant-general-stephen-g-wood.aspx","104889"
"JOHN L. WOODWARD JR.","LIEUTENANT GENERAL",2002,"http://www.af.mil/AboutUs/Biographies/Display/tabid/225/Article/105206/lieutenant-general-john-l-woodward-jr.aspx","105206"
"MICHAEL W. WOOLEY","LIEUTENANT GENERAL",2008,"http://www.af.mil/AboutUs/Biographies/Display/tabid/225/Article/105208/lieutenant-general-michael-w-wooley.aspx","105208"
"BRUCE A. WRIGHT","LIEUTENANT GENERAL",2008,"http://www.af.mil/AboutUs/Biographies/Display/tabid/225/Article/104936/lieutenant-general-bruce-a-wright.aspx","104936"
"DONALD C. WURSTER","LIEUTENANT GENERAL",2011,"http://www.af.mil/AboutUs/Biographies/Display/tabid/225/Article/105090/lieutenant-general-donald-c-wurster.aspx","105090"
"HARRY M. WYATT III","LIEUTENANT GENERAL",2012,"http://www.af.mil/AboutUs/Biographies/Display/tabid/225/Article/108401/lieutenant-general-harry-m-wyatt-iii.aspx","108401"
"DONALD NORTON YATES","LIEUTENANT GENERAL",1993,"http://www.af.mil/AboutUs/Biographies/Display/tabid/225/Article/105163/lieutenant-general-donald-norton-yates.aspx","105163"
"RONALD  W. YATES","GENERAL",1995,"http://www.af.mil/AboutUs/Biographies/Display/tabid/225/Article/105164/general-ronald-w-yates.aspx","105164"
"MICHAEL  E. ZETTLER","LIEUTENANT GENERAL",2004,"http://www.af.mil/AboutUs/Biographies/Display/tabid/225/Article/105157/lieutenant-general-michael-e-zettler.aspx","105157"
